wallet_address,last_seen,status
0x341b129C4FABA99ee689f38974667538BC557d6e,2026-05-23T11:43:58.396Z,pending
0x1e1AB6849d911818Bfe42c967b363E1Ba92CC6B5,2026-05-23T11:43:58.414Z,pending
0xBAcA30D78c18d0725Dab56DB686a130Fc876B929,2026-05-23T11:43:58.443Z,pending
0xBaf571c140Cc899e6E67420e87a8eD086bA76791,2026-05-23T11:43:58.519Z,pending
0x58F6C006F2Dd97f6da2C30ceC6C0D9AACA91f886,2026-05-23T11:43:58.536Z,pending
0xdBF355EdeB2974FF317508f0657F317cE0CFc743,2026-05-23T11:43:58.552Z,pending
0x077c2B35972F47DE8DC2DF89d7a65bAe5164ee19,2026-05-23T11:43:58.581Z,pending
0x97bc864bac3ffB945D0aA007e299DEAD0Ce7b755,2026-05-23T11:43:58.650Z,pending
0x30400984565f115518fe2a8E52627FA69e1A6eDC,2026-05-23T11:43:58.669Z,pending
0x7f0Ac0B4c21361aC4774E2c446DA605fCB584A08,2026-05-23T11:43:58.713Z,pending
0x70908F0f0EB6b09571088a3637f1b9c72Dee3dD7,2026-05-23T11:43:58.732Z,pending
0x8B3cC0C27Ec6B316D2f21cf1A525CdDa81b265Cb,2026-05-23T11:43:58.745Z,pending
0x0748DC4C6e9848c21a0c9959Ab105361897B6Ea7,2026-05-23T11:43:58.762Z,pending
0x29Ba7Fa1D690cf54B0922Cd2A6A0bAb308d6e4f4,2026-05-23T11:43:58.774Z,pending
0x52831C5c87565082d6B3bC11D393302592dBcF31,2026-05-23T11:43:58.787Z,pending
0x830f7c0b62E21D9e12b7beC4720E2eFbCeA49857,2026-05-23T11:43:58.801Z,pending
0xAE38A9D10377C752EDdc71A5AB2aBE1862848475,2026-05-23T11:43:58.816Z,pending
0xf39335da91EdA44e1998b0dEe653bC2DB2F52845,2026-05-23T11:43:58.833Z,pending
0x8894E0a0c962CB723c1976a4421c95949bE2D4E3,2026-05-23T11:43:58.865Z,pending
0xbEa4b27D3A9e361E3688a51894DA98e859F9ae91,2026-05-23T11:43:58.881Z,pending
0xD8dB82064b6532d7C8ABC039bFC279BC9E785e3d,2026-05-23T11:43:58.894Z,pending
0x9d30B67C227f3F84Fb17Dc3DF58ec8312C178B1D,2026-05-23T11:43:58.907Z,pending
0xF4AeDD361a4338b5743752599614CEA9Fe6A58C0,2026-05-23T11:43:58.919Z,pending
0x65346B96F216CbaF0908973D0f75225a8D254Bd2,2026-05-23T11:43:58.935Z,pending
0xD677597fAf5c397c13759848AAe64Ba0e40C46f6,2026-05-23T11:43:58.947Z,pending
0x1BAD1A31E936Dd282749b5c3F4eaa4b5a5A2977E,2026-05-23T11:43:58.968Z,pending
0x250cff7E5eF146F3D9B74f554F041b18C314A7C4,2026-05-23T11:45:43.849Z,sent
0xE51C3916171677B4bAf51c77Def56440F262d3A0,2026-05-23T11:43:58.991Z,pending
0x1992F46CA1A9F93f0F027838a11ea1c5248fe3D3,2026-05-23T11:43:59.002Z,pending
0xE51d0b39A79E7BA38dd2559a72cf3215DAbC73a0,2026-05-23T11:43:59.016Z,pending
0x78d794681D209392B25bE14Ebbc22EC5bF9AB2a2,2026-05-23T11:43:59.029Z,pending
0x642950B4AF3a3d51f09f2de75444783B1592ae70,2026-05-23T11:43:59.041Z,pending
0x6cfBad98b3506DF9Bbc3C384aeEb9613633B91D3,2026-05-23T11:45:17.446Z,sent
0xD4cffAD3228423C0Adc3aa74c7bbDAD94E09a9aa,2026-05-23T11:43:59.064Z,pending
0x5E9a25CFC8c2544D8B122AFf61Fa25ed6a509AFD,2026-05-23T11:43:59.078Z,pending
0xe2fc31F816A9b94326492132018C3aEcC4a93aE1,2026-05-23T11:43:59.091Z,pending
0x295D313d8ED8cF9cbCa1fccfCd1b945FEe36dB5b,2026-05-23T11:43:59.102Z,pending
0xc0621B0284d5032c92d5466Ba25f80CEB34d8f4B,2026-05-23T11:43:59.117Z,pending
0x74F11899aAd97468A2548BA55E08D067DdD11E96,2026-05-23T11:43:59.130Z,pending
0x6236A2d2a8b30715888A0a6Fc41827e5e579B5dC,2026-05-23T11:43:59.149Z,pending
0x191EA5c4D9e533DF6Ba3e944e2F97a58Ab8E7A35,2026-05-23T11:43:59.166Z,pending
0xd84B90cE45dCC247aE56F97dD538eE36C3d91533,2026-05-23T11:43:59.182Z,pending
0x002A0Dfb25FCfDEE308fD9f21aC83D8c4d831693,2026-05-23T11:43:59.195Z,pending
0x5a8c8486dc64dF45e7c39606E31222317C3F9E46,2026-05-23T11:43:59.209Z,pending
0x5a888456cB6b25c579D201253251e3257Bf40E48,2026-05-23T11:43:59.223Z,pending
0xa7686135A544bbB5aa755f908a2d98F9b48856DB,2026-05-23T11:43:59.238Z,pending
0x6Cd079bc25fd31D0770Cf8913e6BABa722FC746a,2026-05-23T11:43:59.250Z,pending
0x83162C632ce6979046EB13D58e5571b7295Dc3A1,2026-05-23T11:46:31.035Z,sent
0x7c47a55bFD2d232a48879235915024141414968F,2026-05-23T11:43:59.280Z,pending
0x9453d7810Daa440a9dAb73f896C8FEbFE2469F30,2026-05-23T11:43:59.292Z,pending
0xcD44cB41947EC083619F7d2908bF3925f7d7aa5A,2026-05-23T11:43:59.305Z,pending
0x73181738c6b00CD815088D8077CfaA1131557272,2026-05-23T11:43:59.320Z,pending
0x23a603E715CBe9d3a72dc9d306aDF4f2C3B5EE7B,2026-05-23T11:44:21.132Z,sent
0x2bf38F63C562039E68de831B4dc60efCF124173a,2026-05-23T11:43:59.349Z,pending
0x4c6A3f2560a173f2a95B9000616DF7922C01A0AC,2026-05-23T11:43:59.364Z,pending
0xE4a31b603FFf99F6a93FD808CafBd10cA3aD3B5b,2026-05-23T11:43:59.379Z,pending
0xEC98766db96381aabC1Cd051e72CdCA07C3924cF,2026-05-23T11:43:59.393Z,pending
0x0bFE7877b72Ab99E54FF0BBCD3A1514Dea89e7bb,2026-05-23T11:43:59.412Z,pending
0x476B26CbdaD6EBE6b58d77c435dD24b1deb697B8,2026-05-23T11:43:59.429Z,pending
0xb4EEDCd5Af4c67EeA766697063B9e4605E30BE78,2026-05-23T11:43:59.442Z,pending
0xC374270a77A455b2995F952ca8Cd91136efB9456,2026-05-23T11:43:59.453Z,pending
0x6050C8D286c9b2d238d75a9c7cc8e6D11155fb67,2026-05-23T11:43:59.466Z,pending
0xB64EBe1e3BA12fc34846aB6a8525593dDc26e573,2026-05-23T11:43:59.484Z,pending
0xCf3cA43D6B5F589ace4326290fC4F172C7065f23,2026-05-23T11:43:59.504Z,pending
0x8C2Ef66B250da7Cd13e85867492c616fe162596a,2026-05-23T11:43:59.521Z,pending
0x729F7d0c8F4026cC9fC7F68E3f5917c2e402185c,2026-05-23T11:43:59.538Z,pending
0xeDD060dAafd989Bb56D7f886524d681f9fAD63B2,2026-05-23T11:43:59.554Z,pending
0x66E91bFb0B94A3973Aa242e843255EE7b2824260,2026-05-23T11:44:43.425Z,sent
0x84E95Cd77e7Da57F15559B50a5f412d3c5cd2321,2026-05-23T11:43:59.582Z,pending
0x78052e20AC27d13D0290B7Dd58DbB57264B2b97c,2026-05-23T11:43:59.597Z,pending
0xf24E0E8473f93Edb21dA4E39E7053E0EaeD3307D,2026-05-23T11:43:59.612Z,pending
0xC95cf0FeD9ce659bE2B57d31a1B934bDffea275D,2026-05-23T11:43:59.621Z,pending
0x2054fC65bef3Eb53447163CcdD0ACd82820c1586,2026-05-23T11:43:59.635Z,pending
0xA412683AF0eB1Fb76D7A109fab5E6728eb07aF11,2026-05-23T11:43:59.648Z,pending
0x20744A0965D56B08b6884fb02811c767710d3918,2026-05-23T11:43:59.660Z,pending
0x1c172c4dB4BDc59337eb26FEa7897425f6d240A3,2026-05-23T11:43:59.670Z,pending
0x8358243C0f7B60DB2F54e7BdA416FaD97516e06b,2026-05-23T11:43:59.684Z,pending
0x3D1565A8AB998B1ca0384AB23B68B11df342bd28,2026-05-23T11:43:59.697Z,pending
0x880e476690ba3EE5Fb52D2F4a9280fa45691C111,2026-05-23T11:43:59.710Z,pending
0xc7Ff94EE709932a203bf12cb68B4A28b3340F290,2026-05-23T11:43:59.725Z,pending
0x1ca3Ebf35CF75fCdB4520D066600aD00a5Ef02e2,2026-05-23T11:43:59.736Z,pending
0x2D6FFEc3acbdaff0f895E70Fcc699246A2798102,2026-05-23T11:43:59.750Z,pending
0x13bD7caF1BfbB7d6850f75e6E891c92fDecDc683,2026-05-23T11:43:59.764Z,pending
0x242aC83478268c6C105650685d8D4BDA7928DAD6,2026-05-23T11:43:59.776Z,pending
0x8Ae4BfeF28745d68953BD5F8fa621e922f8D482F,2026-05-23T11:43:59.788Z,pending
0xA9BfF538A906154c80A8dBccd229F3DEddFa52D6,2026-05-23T11:43:59.801Z,pending
0x0639556F03714A74a5fEEaF5736a4A64fF70D206,2026-05-23T11:43:59.815Z,pending
0xa09DB62A7C12A09Ae728F5D1c42F97C99E6299de,2026-05-23T11:43:59.828Z,pending
0x74363ec9C51B48de25d5f049648849c1Fe29B774,2026-05-23T11:43:59.842Z,pending
0x7f2B548534056F549879759413858F10DA19a461,2026-05-23T11:43:59.858Z,pending
0x6eA08ca8F313d860808ef7431fc72c6FbcF4A72D,2026-05-23T11:43:59.868Z,pending
0x30aacD4d44EFfFB0fC0A5b115150d6eC805b314f,2026-05-23T11:43:59.883Z,pending
0x5f39121552ACc297c9237512bF532BF2728f236F,2026-05-23T11:43:59.897Z,pending
0x876C290e25a56B0ED1c427a8b6ae54de77874D57,2026-05-23T11:43:59.909Z,pending
0x5AF9E539eD98D10616db9e64eA5476E60A156F0B,2026-05-23T11:43:59.920Z,pending
0x2ea902c0A9c2CCeCEE86EC42bDf17a3968bCF747,2026-05-23T11:46:15.947Z,sent
0xb14f71E50787a59BDF2f56e2bC95102E555Dbef0,2026-05-23T11:46:52.204Z,sent
0x1ff0CB48BF35b98947991087abe47Fb434419BfD,2026-05-23T11:43:59.961Z,pending
0xE7c2146eCB44F6a0394dC4bA95f7FC643E69CDd5,2026-05-23T11:43:59.973Z,pending
